-- =============================================================================
-- Canonical seed data: geographic, roles, certs, experience, vessel sizes
-- =============================================================================

-- ========================= REGIONS & CITIES & PORTS =========================

-- French Riviera
insert into public.regions (id, name, sort_order) values
  ('a0000000-0000-0000-0000-000000000001', 'French Riviera', 1);

insert into public.cities (id, region_id, name, sort_order) values
  ('b0000000-0000-0000-0000-000000000001', 'a0000000-0000-0000-0000-000000000001', 'Antibes', 1),
  ('b0000000-0000-0000-0000-000000000002', 'a0000000-0000-0000-0000-000000000001', 'Cannes', 2),
  ('b0000000-0000-0000-0000-000000000003', 'a0000000-0000-0000-0000-000000000001', 'Nice', 3),
  ('b0000000-0000-0000-0000-000000000004', 'a0000000-0000-0000-0000-000000000001', 'Villefranche-sur-Mer', 4),
  ('b0000000-0000-0000-0000-000000000005', 'a0000000-0000-0000-0000-000000000001', 'Monaco', 5),
  ('b0000000-0000-0000-0000-000000000006', 'a0000000-0000-0000-0000-000000000001', 'Golfe-Juan', 6);

insert into public.ports (id, city_id, name, sort_order) values
  ('c0000000-0000-0000-0000-000000000001', 'b0000000-0000-0000-0000-000000000001', 'Port Vauban', 1),
  ('c0000000-0000-0000-0000-000000000002', 'b0000000-0000-0000-0000-000000000001', 'Port Gallice', 2),
  ('c0000000-0000-0000-0000-000000000003', 'b0000000-0000-0000-0000-000000000002', 'Vieux Port de Cannes', 1),
  ('c0000000-0000-0000-0000-000000000004', 'b0000000-0000-0000-0000-000000000002', 'Port Pierre Canto', 2),
  ('c0000000-0000-0000-0000-000000000005', 'b0000000-0000-0000-0000-000000000003', 'Port de Nice', 1),
  ('c0000000-0000-0000-0000-000000000006', 'b0000000-0000-0000-0000-000000000004', 'Port de la Darse', 1),
  ('c0000000-0000-0000-0000-000000000007', 'b0000000-0000-0000-0000-000000000005', 'Port Hercules', 1),
  ('c0000000-0000-0000-0000-000000000008', 'b0000000-0000-0000-0000-000000000006', 'Port Camille Rayon', 1);

-- Palma de Mallorca
insert into public.regions (id, name, sort_order) values
  ('a0000000-0000-0000-0000-000000000002', 'Mallorca', 2);

insert into public.cities (id, region_id, name, sort_order) values
  ('b0000000-0000-0000-0000-000000000010', 'a0000000-0000-0000-0000-000000000002', 'Palma', 1),
  ('b0000000-0000-0000-0000-000000000011', 'a0000000-0000-0000-0000-000000000002', 'Alcudia', 2),
  ('b0000000-0000-0000-0000-000000000012', 'a0000000-0000-0000-0000-000000000002', 'Ibiza', 3);

insert into public.ports (id, city_id, name, sort_order) values
  ('c0000000-0000-0000-0000-000000000010', 'b0000000-0000-0000-0000-000000000010', 'Club de Mar Mallorca', 1),
  ('c0000000-0000-0000-0000-000000000011', 'b0000000-0000-0000-0000-000000000010', 'STP (Marina Port de Mallorca)', 2),
  ('c0000000-0000-0000-0000-000000000012', 'b0000000-0000-0000-0000-000000000010', 'Real Club Nautico de Palma', 3),
  ('c0000000-0000-0000-0000-000000000013', 'b0000000-0000-0000-0000-000000000010', 'Astilleros de Mallorca', 4),
  ('c0000000-0000-0000-0000-000000000014', 'b0000000-0000-0000-0000-000000000010', 'Port Adriano', 5),
  ('c0000000-0000-0000-0000-000000000015', 'b0000000-0000-0000-0000-000000000011', 'Port d''Alcudia', 1),
  ('c0000000-0000-0000-0000-000000000016', 'b0000000-0000-0000-0000-000000000012', 'Marina Ibiza', 1),
  ('c0000000-0000-0000-0000-000000000017', 'b0000000-0000-0000-0000-000000000012', 'Marina Botafoch', 2);

-- Fort Lauderdale
insert into public.regions (id, name, sort_order) values
  ('a0000000-0000-0000-0000-000000000003', 'South Florida', 3);

insert into public.cities (id, region_id, name, sort_order) values
  ('b0000000-0000-0000-0000-000000000020', 'a0000000-0000-0000-0000-000000000003', 'Fort Lauderdale', 1),
  ('b0000000-0000-0000-0000-000000000021', 'a0000000-0000-0000-0000-000000000003', 'Dania Beach', 2),
  ('b0000000-0000-0000-0000-000000000022', 'a0000000-0000-0000-0000-000000000003', 'West Palm Beach', 3);

insert into public.ports (id, city_id, name, sort_order) values
  ('c0000000-0000-0000-0000-000000000020', 'b0000000-0000-0000-0000-000000000020', 'Bahia Mar Marina', 1),
  ('c0000000-0000-0000-0000-000000000021', 'b0000000-0000-0000-0000-000000000020', 'Lauderdale Marine Center', 2),
  ('c0000000-0000-0000-0000-000000000022', 'b0000000-0000-0000-0000-000000000020', 'Pier Sixty-Six Marina', 3),
  ('c0000000-0000-0000-0000-000000000023', 'b0000000-0000-0000-0000-000000000020', 'Hilton Fort Lauderdale Marina', 4),
  ('c0000000-0000-0000-0000-000000000024', 'b0000000-0000-0000-0000-000000000020', 'Las Olas Marina', 5),
  ('c0000000-0000-0000-0000-000000000025', 'b0000000-0000-0000-0000-000000000021', 'Derecktor Fort Lauderdale', 1),
  ('c0000000-0000-0000-0000-000000000026', 'b0000000-0000-0000-0000-000000000022', 'Rybovich Marina', 1);

-- Caribbean
insert into public.regions (id, name, sort_order) values
  ('a0000000-0000-0000-0000-000000000004', 'Caribbean', 4);

insert into public.cities (id, region_id, name, sort_order) values
  ('b0000000-0000-0000-0000-000000000030', 'a0000000-0000-0000-0000-000000000004', 'St. Maarten', 1),
  ('b0000000-0000-0000-0000-000000000031', 'a0000000-0000-0000-0000-000000000004', 'Antigua', 2),
  ('b0000000-0000-0000-0000-000000000032', 'a0000000-0000-0000-0000-000000000004', 'St. Thomas (USVI)', 3),
  ('b0000000-0000-0000-0000-000000000033', 'a0000000-0000-0000-0000-000000000004', 'St. Barths', 4),
  ('b0000000-0000-0000-0000-000000000034', 'a0000000-0000-0000-0000-000000000004', 'Trinidad', 5);

insert into public.ports (id, city_id, name, sort_order) values
  ('c0000000-0000-0000-0000-000000000030', 'b0000000-0000-0000-0000-000000000030', 'Isle de Sol (Simpson Bay)', 1),
  ('c0000000-0000-0000-0000-000000000031', 'b0000000-0000-0000-0000-000000000030', 'Port de Plaisance', 2),
  ('c0000000-0000-0000-0000-000000000032', 'b0000000-0000-0000-0000-000000000030', 'Bobby''s Marina', 3),
  ('c0000000-0000-0000-0000-000000000033', 'b0000000-0000-0000-0000-000000000031', 'Falmouth Harbour Marina', 1),
  ('c0000000-0000-0000-0000-000000000034', 'b0000000-0000-0000-0000-000000000031', 'Nelson''s Dockyard Marina', 2),
  ('c0000000-0000-0000-0000-000000000035', 'b0000000-0000-0000-0000-000000000031', 'Antigua Yacht Club Marina', 3),
  ('c0000000-0000-0000-0000-000000000036', 'b0000000-0000-0000-0000-000000000032', 'Yacht Haven Grande', 1),
  ('c0000000-0000-0000-0000-000000000037', 'b0000000-0000-0000-0000-000000000033', 'Port de Gustavia', 1),
  ('c0000000-0000-0000-0000-000000000038', 'b0000000-0000-0000-0000-000000000034', 'Chaguaramas', 1);

-- Bahamas
insert into public.regions (id, name, sort_order) values
  ('a0000000-0000-0000-0000-000000000005', 'Bahamas', 5);

insert into public.cities (id, region_id, name, sort_order) values
  ('b0000000-0000-0000-0000-000000000040', 'a0000000-0000-0000-0000-000000000005', 'Nassau', 1),
  ('b0000000-0000-0000-0000-000000000041', 'a0000000-0000-0000-0000-000000000005', 'Paradise Island', 2),
  ('b0000000-0000-0000-0000-000000000042', 'a0000000-0000-0000-0000-000000000005', 'Grand Bahama', 3),
  ('b0000000-0000-0000-0000-000000000043', 'a0000000-0000-0000-0000-000000000005', 'Exumas', 4),
  ('b0000000-0000-0000-0000-000000000044', 'a0000000-0000-0000-0000-000000000005', 'Marsh Harbour (Abacos)', 5);

insert into public.ports (id, city_id, name, sort_order) values
  ('c0000000-0000-0000-0000-000000000040', 'b0000000-0000-0000-0000-000000000040', 'Nassau Yacht Haven', 1),
  ('c0000000-0000-0000-0000-000000000041', 'b0000000-0000-0000-0000-000000000040', 'Palm Cay Marina', 2),
  ('c0000000-0000-0000-0000-000000000042', 'b0000000-0000-0000-0000-000000000041', 'Atlantis Marina', 1),
  ('c0000000-0000-0000-0000-000000000043', 'b0000000-0000-0000-0000-000000000041', 'Hurricane Hole Superyacht Marina', 2),
  ('c0000000-0000-0000-0000-000000000044', 'b0000000-0000-0000-0000-000000000042', 'Old Bahama Bay Marina', 1),
  ('c0000000-0000-0000-0000-000000000045', 'b0000000-0000-0000-0000-000000000043', 'Staniel Cay Yacht Club', 1),
  ('c0000000-0000-0000-0000-000000000046', 'b0000000-0000-0000-0000-000000000044', 'Boat Harbour Marina', 1);

-- Dubai / UAE
insert into public.regions (id, name, sort_order) values
  ('a0000000-0000-0000-0000-000000000006', 'UAE', 6);

insert into public.cities (id, region_id, name, sort_order) values
  ('b0000000-0000-0000-0000-000000000050', 'a0000000-0000-0000-0000-000000000006', 'Dubai', 1),
  ('b0000000-0000-0000-0000-000000000051', 'a0000000-0000-0000-0000-000000000006', 'Abu Dhabi', 2),
  ('b0000000-0000-0000-0000-000000000052', 'a0000000-0000-0000-0000-000000000006', 'Ras Al Khaimah', 3);

insert into public.ports (id, city_id, name, sort_order) values
  ('c0000000-0000-0000-0000-000000000050', 'b0000000-0000-0000-0000-000000000050', 'Dubai Harbour Marina', 1),
  ('c0000000-0000-0000-0000-000000000051', 'b0000000-0000-0000-0000-000000000050', 'Port Rashid Marina (D-Marin)', 2),
  ('c0000000-0000-0000-0000-000000000052', 'b0000000-0000-0000-0000-000000000050', 'Dubai Marina Yacht Club', 3),
  ('c0000000-0000-0000-0000-000000000053', 'b0000000-0000-0000-0000-000000000050', 'Mina Seyahi', 4),
  ('c0000000-0000-0000-0000-000000000054', 'b0000000-0000-0000-0000-000000000050', 'Bulgari Marina', 5),
  ('c0000000-0000-0000-0000-000000000055', 'b0000000-0000-0000-0000-000000000051', 'Yas Marina', 1),
  ('c0000000-0000-0000-0000-000000000056', 'b0000000-0000-0000-0000-000000000051', 'Emirates Palace Marina', 2),
  ('c0000000-0000-0000-0000-000000000057', 'b0000000-0000-0000-0000-000000000052', 'Al Hamra Marina', 1);

-- Turkey
insert into public.regions (id, name, sort_order) values
  ('a0000000-0000-0000-0000-000000000007', 'Turkey', 7);

insert into public.cities (id, region_id, name, sort_order) values
  ('b0000000-0000-0000-0000-000000000060', 'a0000000-0000-0000-0000-000000000007', 'Gocek', 1),
  ('b0000000-0000-0000-0000-000000000061', 'a0000000-0000-0000-0000-000000000007', 'Marmaris', 2),
  ('b0000000-0000-0000-0000-000000000062', 'a0000000-0000-0000-0000-000000000007', 'Bodrum', 3),
  ('b0000000-0000-0000-0000-000000000063', 'a0000000-0000-0000-0000-000000000007', 'Fethiye', 4),
  ('b0000000-0000-0000-0000-000000000064', 'a0000000-0000-0000-0000-000000000007', 'Antalya', 5);

insert into public.ports (id, city_id, name, sort_order) values
  ('c0000000-0000-0000-0000-000000000060', 'b0000000-0000-0000-0000-000000000060', 'D-Marin Gocek', 1),
  ('c0000000-0000-0000-0000-000000000061', 'b0000000-0000-0000-0000-000000000060', 'Marinturk Gocek Village Port', 2),
  ('c0000000-0000-0000-0000-000000000062', 'b0000000-0000-0000-0000-000000000061', 'Netsel Marmaris Marina', 1),
  ('c0000000-0000-0000-0000-000000000063', 'b0000000-0000-0000-0000-000000000062', 'Yalikavak Marina (Palmarina)', 1),
  ('c0000000-0000-0000-0000-000000000064', 'b0000000-0000-0000-0000-000000000062', 'Bodrum Milta Marina', 2),
  ('c0000000-0000-0000-0000-000000000065', 'b0000000-0000-0000-0000-000000000062', 'D-Marin Turgutreis', 3),
  ('c0000000-0000-0000-0000-000000000066', 'b0000000-0000-0000-0000-000000000063', 'Ece Saray Marina', 1),
  ('c0000000-0000-0000-0000-000000000067', 'b0000000-0000-0000-0000-000000000064', 'Setur Antalya Marina', 1);

-- ========================= YACHT ROLES =========================

insert into public.yacht_roles (id, name, department, sort_order) values
  ('d0000000-0000-0000-0000-000000000001', 'Captain', 'bridge', 1),
  ('d0000000-0000-0000-0000-000000000002', 'First Officer', 'bridge', 2),
  ('d0000000-0000-0000-0000-000000000003', 'Second Officer', 'bridge', 3),
  ('d0000000-0000-0000-0000-000000000004', 'Bosun', 'deck', 4),
  ('d0000000-0000-0000-0000-000000000005', 'Lead Deckhand', 'deck', 5),
  ('d0000000-0000-0000-0000-000000000006', 'Deckhand', 'deck', 6),
  ('d0000000-0000-0000-0000-000000000007', 'Chief Engineer', 'engineering', 7),
  ('d0000000-0000-0000-0000-000000000008', 'Second Engineer', 'engineering', 8),
  ('d0000000-0000-0000-0000-000000000009', 'Third Engineer', 'engineering', 9),
  ('d0000000-0000-0000-0000-000000000010', 'ETO', 'engineering', 10),
  ('d0000000-0000-0000-0000-000000000011', 'Chief Stewardess', 'interior', 11),
  ('d0000000-0000-0000-0000-000000000012', 'Second Stewardess', 'interior', 12),
  ('d0000000-0000-0000-0000-000000000013', 'Third Stewardess', 'interior', 13),
  ('d0000000-0000-0000-0000-000000000014', 'Stewardess', 'interior', 14),
  ('d0000000-0000-0000-0000-000000000015', 'Head Chef', 'galley', 15),
  ('d0000000-0000-0000-0000-000000000016', 'Sous Chef', 'galley', 16),
  ('d0000000-0000-0000-0000-000000000017', 'Crew Chef', 'galley', 17),
  ('d0000000-0000-0000-0000-000000000018', 'Purser', 'interior', 18),
  ('d0000000-0000-0000-0000-000000000019', 'Mate', 'deck', 19),
  ('d0000000-0000-0000-0000-000000000020', 'Day Worker (General)', 'deck', 20),
  ('d0000000-0000-0000-0000-000000000021', 'Deck/Engineer', 'deck_engineering', 21),
  ('d0000000-0000-0000-0000-000000000022', 'Deck/Stew', 'deck_interior', 22),
  ('d0000000-0000-0000-0000-000000000023', 'Cook/Stew', 'galley_interior', 23)
on conflict (id) do nothing;

-- ========================= CERTIFICATIONS =========================

insert into public.certifications (id, name, category, sort_order) values
  ('e0000000-0000-0000-0000-000000000001', 'STCW Basic Safety Training', 'safety', 1),
  ('e0000000-0000-0000-0000-000000000002', 'STCW Proficiency in Survival Craft', 'safety', 2),
  ('e0000000-0000-0000-0000-000000000003', 'STCW Advanced Fire Fighting', 'safety', 3),
  ('e0000000-0000-0000-0000-000000000004', 'STCW Medical First Aid', 'safety', 4),
  ('e0000000-0000-0000-0000-000000000005', 'ENG1 Medical Certificate', 'medical', 5),
  ('e0000000-0000-0000-0000-000000000006', 'Food Safety / Hygiene Level 2', 'galley', 6),
  ('e0000000-0000-0000-0000-000000000007', 'Powerboat Level 2', 'deck', 7),
  ('e0000000-0000-0000-0000-000000000008', 'Yacht Rating (YR)', 'deck', 8),
  ('e0000000-0000-0000-0000-000000000009', 'PYA Interior Course', 'interior', 9),
  ('e0000000-0000-0000-0000-000000000010', 'Ship Security Officer (SSO)', 'safety', 10),
  ('e0000000-0000-0000-0000-000000000011', 'HELM (Officer of the Watch)', 'bridge', 11),
  ('e0000000-0000-0000-0000-000000000012', 'Master 200GT', 'bridge', 12),
  ('e0000000-0000-0000-0000-000000000013', 'Master 500GT', 'bridge', 13),
  ('e0000000-0000-0000-0000-000000000014', 'Master 3000GT', 'bridge', 14),
  ('e0000000-0000-0000-0000-000000000015', 'AEC (Approved Engine Course)', 'engineering', 15),
  ('e0000000-0000-0000-0000-000000000016', 'Y4 Engineer', 'engineering', 16),
  ('e0000000-0000-0000-0000-000000000017', 'Y3 Engineer', 'engineering', 17),
  ('e0000000-0000-0000-0000-000000000018', 'WSET Wine Certificate', 'interior', 18),
  ('e0000000-0000-0000-0000-000000000019', 'Personal Watercraft (PWC)', 'deck', 19),
  ('e0000000-0000-0000-0000-000000000020', 'PADI Divemaster', 'deck', 20);

-- ========================= EXPERIENCE BRACKETS =========================

insert into public.experience_brackets (id, label, min_months, max_months, sort_order) values
  ('f0000000-0000-0000-0000-000000000001', 'Green (0-6 months)', 0, 6, 1),
  ('f0000000-0000-0000-0000-000000000002', '6-12 months', 6, 12, 2),
  ('f0000000-0000-0000-0000-000000000003', '1-2 years', 12, 24, 3),
  ('f0000000-0000-0000-0000-000000000004', '2-5 years', 24, 60, 4),
  ('f0000000-0000-0000-0000-000000000005', '5+ years', 60, null, 5);

-- ========================= VESSEL SIZE BANDS =========================

insert into public.vessel_size_bands (id, label, min_meters, max_meters, sort_order) values
  ('f1000000-0000-0000-0000-000000000001', '24-30m', 24, 30, 1),
  ('f1000000-0000-0000-0000-000000000002', '30-40m', 30, 40, 2),
  ('f1000000-0000-0000-0000-000000000003', '40-50m', 40, 50, 3),
  ('f1000000-0000-0000-0000-000000000004', '50-60m', 50, 60, 4),
  ('f1000000-0000-0000-0000-000000000005', '60-80m', 60, 80, 5),
  ('f1000000-0000-0000-0000-000000000006', '80m+', 80, null, 6);
